,const,nn1,nn2,nn3,parts1,parts2,parts3,sm1,sm2,sm3,cat1,cat2,cat3,fft_high1,fft_high2,fft_high3,fft_low1,fft_low2,fft_low3,next1,next2
0,1.0,0.03771547144488047,-0.1591675907622351,-0.017950279877211033,0.010394259853506787,0.07745883204173959,-0.012127091252084712,0.08128061637617877,0.07295909550898833,-0.10391744836042598,-0.15309310892394848,-5.7376469803205154e-18,-2.1684972469835583e-18,0.0576152014595531,0.09759745185537291,-0.06193979807269751,0.09195767225969011,0.059672532116341936,0.05087688648745301,-0.3618822991847992,-0.11104035377502441
1,1.0,-0.03728274186768188,0.05700670181520284,-0.04344356009798961,0.04588655642485312,0.08435599886756029,0.08114643086964009,-0.08612147329151376,0.11360411924399794,0.05201834482337238,-0.15309310892394834,8.045930060424878e-16,-3.900322519040513e-16,-0.10101433754854094,0.0943581832058587,0.007201321374016273,0.06782273677718398,-0.19478206604945214,-0.1053063032354725,-0.37031030654907227,-0.15151673555374146
2,1.0,0.03201983726037094,-0.06834446730019816,-0.1492096335349524,0.058930843621280316,0.01932453818951245,-0.1435897301823242,0.12051402653755522,-0.015166664915392869,0.07126565040856098,-0.15309310892394823,-1.5543122344752192e-15,-4.3263579307542397e-16,-0.06160648021582882,0.09616967173916224,0.05169905329987076,0.09348210283697911,-0.02557052690307382,-0.03860157494871716,-0.4441835582256317,-0.10748548805713654
3,1.0,0.06656899795754423,-0.09068434299363481,0.0826397260577272,0.058184369024474936,0.13777603561779644,0.07324493975133906,0.12307590715357972,-0.025481095382060587,0.09637565233338197,-0.15309310892394823,1.0295902237480085e-16,-2.636779683484747e-16,0.06294223104055657,0.13338902495702998,-0.07847459263485257,0.0944103968872456,0.03166108742483448,-0.03705176630273749,-0.45270559191703796,-0.14294159412384033
4,1.0,0.04049548843582283,-0.11970889537924892,0.04843668906982024,0.06301352845387664,0.11456836296186779,0.09221014002571082,0.046310594952759396,0.1088250586095283,-0.06142086182493853,-0.15309310892394823,1.0295902237480097e-16,0.0,0.006642491012634012,0.12032140982535655,-0.05854810379052766,0.08244483265974065,-0.00018554396689861308,-0.005385280180419005,-0.31923168897628784,-0.11947385966777802
5,1.0,0.10016249370236763,-0.13323715400013386,0.03748367602258418,0.0512145515763587,0.11083656524146927,-0.04038026636924741,0.1187919831884918,-0.009043082288291189,0.055796496036903204,-0.15309310892394823,1.0295902237480097e-16,-6.828553311075635e-17,0.09097824061137254,0.09706994414736947,-0.09579055456592372,0.0923485889935678,0.05735365001566769,0.0969411823142714,-0.42968013882637024,-0.13310249149799347
6,1.0,0.13221349300477866,-0.10920706119433421,-0.017152534486682913,0.05186835053145913,0.07315324870673572,0.004155825328912677,0.12195233376418155,-0.020624922508319307,0.08483784550377674,-0.15309310892394823,1.0295902237480097e-16,-6.828553311075635e-17,-0.08070365361672222,0.1285552051579691,-0.03283599548054761,0.09666749137731233,-0.05407844491657733,0.003490105503770713,-0.39429566264152527,-0.11174261569976807
7,1.0,-0.08872470705575916,-0.09293336510716306,0.1000807360670418,-0.006717872867275432,0.014818353520453378,-0.24863916375618533,0.12511384896391023,-0.03576995448329695,0.11906715194827237,-0.15309310892394823,1.0295902237480097e-16,-6.828553311075635e-17,-0.04344808984933647,0.03563023754332753,0.06909506350057693,0.09284064374937406,-0.03552493308442949,0.07356226960433465,-0.3792475759983063,-0.13335923850536346
8,1.0,-0.013340706617260807,-0.12732290966635942,-0.019633982728624193,0.02965594042644858,-0.00806092927578953,-0.25187638429972165,0.12560192354852798,-0.039508889750611294,0.12555915089056355,-0.15309310892394823,1.0295902237480097e-16,-6.828553311075635e-17,-0.04561021562651343,0.1430158618744184,-0.07542713495616296,0.1007976667708661,-0.02809625258229667,0.012004549663430758,-0.4454786777496338,-0.1849517822265625
9,1.0,-0.003933714669390724,-0.13518280263619065,-0.02919066706642004,0.046343988910697645,0.13241977935401852,0.049333933480718496,0.11593091143633362,0.00022502353474277014,0.03216989020981276,-0.15309310892394823,1.0295902237480097e-16,-6.828553311075635e-17,0.08697483897630921,0.06816658088561302,-0.11489606761146536,0.09454557558293566,0.05450401084421667,0.08607610753409684,-0.40851452946662903,-0.14405301213264465
10,1.0,-0.04076695572001928,-0.16076467210073797,-0.11527967546384897,0.03851939847594719,0.011913069660588223,-0.05944365443045559,0.11127949428708134,0.013862658666345595,-0.002358312066864511,-0.15309310892394823,1.0295902237480097e-16,-6.828553311075635e-17,0.058678183059976435,-0.015190281185467853,-0.05647105043838713,0.08928586236642541,0.03423078086294229,0.19707475152128034,-0.33532583713531494,-0.14746832847595215
11,1.0,-0.035014178238712515,-0.1665359073166601,-0.09096409494344909,0.06100892629901976,0.13242602901054298,0.05028761692133342,0.09791419501056599,0.04536623869677841,-0.07300181008928947,-0.15309310892394823,1.0295902237480097e-16,-6.828553311075635e-17,0.11038759962855492,0.034134952419430466,-0.0374782975842466,0.08694688164282774,0.0960375892414379,0.09744339742078706,-0.436012327671051,-0.20152875781059265
12,1.0,0.027442127039620373,-0.03228731090157401,-0.05044598713206336,0.08177337045867271,0.12692723939998862,0.0690826397201499,0.06454932389988981,0.09764146197359802,-0.09270334372280033,-0.15309310892394823,1.0295902237480097e-16,-6.828553311075635e-17,0.0795125835992066,0.08365049796042918,-0.08926138211032983,0.09308718084640803,0.06144507649510045,0.031716007298352195,-0.3819985091686249,-0.15658491849899292
13,1.0,0.01383757392564465,-0.1393138980125432,0.027848441429598324,0.039595002377266486,0.026259456136300697,-0.04787825180065391,0.1254729446482389,-0.03829708371971316,0.12367779336104211,-0.15309310892394823,1.0295902237480097e-16,-6.828553311075635e-17,-0.13163766221011494,0.044879020427504156,0.019909243474894023,0.0944280060610167,-0.06330664370154193,0.08090078691132331,-0.39788681268692017,-0.10837813466787338
14,1.0,0.11319650070627237,0.004652633450600364,0.11636769693651831,0.03709748130548232,0.11114170318253322,-0.05852538254331639,0.12644578003801224,-0.05852243542601239,0.14462995468458836,-0.15309310892394823,1.0295902237480097e-16,-6.828553311075635e-17,-0.08159056196277989,0.09049405148358858,-0.1463454934170282,0.10303811681899604,-0.04200494408682869,0.05939614880757517,-0.2106328308582306,-0.25454917550086975
15,1.0,-0.005289847198712803,-0.05467932384231177,0.06068125941010814,0.04812933505777972,0.06799702877766603,0.012132129959842232,0.0487201128211272,0.1068482742401702,-0.06606355378833186,-0.15309310892394823,1.0295902237480097e-16,-6.828553311075635e-17,-0.060760179997219624,0.1591915040538385,-0.02643074691435032,0.09337749095628121,-0.07520484440088568,-0.07763999181139852,-0.32388967275619507,-0.12777701020240784
16,1.0,0.031282250245564,-0.10055369524254339,-0.009870994667205618,0.05934231711935452,0.09086156267253746,0.05512326133438518,0.08492967078825153,0.07675092792449216,-0.11881787551892546,-0.15309310892394823,1.0295902237480097e-16,-6.828553311075635e-17,0.07021316806714163,0.08055452301911546,-0.1730828518960008,0.08888136669789401,0.06499915619359607,0.16116071405500473,-0.3901310861110687,-0.08192303776741028
17,1.0,0.09307326065635367,0.031576502862723045,-0.14780246868682007,-0.00044264016055830635,0.0767773924458628,-0.01810900231109463,0.04363194679631052,0.1108107347476491,-0.055860735406935445,-0.15309310892394823,1.0295902237480097e-16,-6.828553311075635e-17,0.049510509812486204,0.12067964202612079,-0.013151263418964861,0.09221402734472516,0.0517757353543739,-0.018612456424664123,-0.36156347393989563,-0.12693709135055542
18,1.0,-0.05598244797470555,-0.07062408275825657,-0.10164799839880817,0.0786313153238193,0.05757553070879994,-0.013031376021114845,0.03845688945305007,0.1212533521649039,0.11280942620234205,-0.15309310892394823,1.0295902237480097e-16,-6.828553311075635e-17,0.06795429096988836,0.01314760102401995,-0.05894683611092887,0.09415958628904184,0.0716734107727768,0.18322041144417053,-0.4390307664871216,-0.16375097632408142
19,1.0,-0.028255170154415893,-0.13892449764511478,-0.00024239643202951053,0.031436371448497584,0.11861441339717675,-0.04463762623605898,0.1079794156977545,0.02254778312323749,-0.02349535855758117,-0.15309310892394823,1.0295902237480097e-16,-6.828553311075635e-17,-0.009914992972733377,0.11015553266260474,-0.08102937890335354,0.09344372904539416,0.014257056732776283,0.008670365611833927,-0.40075817704200745,-0.14503628015518188
20,1.0,0.09146102480038891,-0.11588410664607485,0.12096988211620356,0.05990574287589719,0.00026926539811022624,-0.20008931331859836,0.12630218617585576,-0.04816260960946985,0.13721307638012806,-0.15309310892394823,1.0295902237480097e-16,-6.828553311075635e-17,-0.10465744112979991,0.12240988242323646,-0.13168187061480485,0.09808123920456686,-0.060244721912087996,0.05079502583502,-0.43693089485168457,-0.1515926569700241
21,1.0,-0.005365029855267198,-0.15373671121235807,-0.11860574765779648,0.054282347143528434,0.12623784662796875,0.0361312657599196,0.08879939150924354,0.0617285030030327,-0.09656374514003599,-0.15309310892394823,1.0295902237480097e-16,-6.828553311075635e-17,-0.03852065352409203,0.08680046877125129,-0.06013307940972632,0.0898264091482036,-0.036229569448817174,0.041912641513196965,-0.3754975199699402,-0.17054252326488495
22,1.0,0.14913569857293515,-0.003375701626728035,0.02368209658254728,0.050830830406016866,0.11106058443821377,-0.05352099219312522,0.12545601167436168,-0.03815979960087097,0.12344682099956922,-0.15309310892394823,1.0295902237480097e-16,-6.828553311075635e-17,0.004804831253923756,0.15312509911393743,-0.1341161738310826,0.10200425395699775,-0.014272062261173564,-0.006636683105852967,-0.2979056239128113,-0.13943623006343842
23,1.0,-0.04311534722735506,-0.0909277518479081,-0.006028075218166759,0.061511842016987665,0.14924528514706958,0.07081725351125903,0.07802468669352693,0.07745396053674593,-0.1053378684652347,-0.15309310892394823,1.0295902237480097e-16,-6.828553311075635e-17,0.043024843273127784,0.10005043085258891,-0.08291736043446951,0.09251470779011817,0.024006470063933916,0.09320330710496814,-0.41075584292411804,-0.1622599959373474
24,1.0,0.05310341120707957,-0.0921975469989203,-0.0494708374289863,0.04769295198586528,0.11840040843496079,-0.06703432053847483,0.12512709216420967,-0.03585132875105654,0.11922782762918438,-0.15309310892394823,1.0295902237480097e-16,-6.828553311075635e-17,0.007048769891881867,0.16492646567211305,-0.14612099167478718,0.10314405731821323,0.0006632729680476103,-0.010954768917244813,-0.4045534133911133,-0.14577867090702057
25,1.0,-0.04726485081116715,-0.13192521242125801,-0.16817940257455774,0.06344263121513609,0.06960669541779733,-0.052619785530066576,0.11047831708803081,0.01606246117576041,-0.0078285317749233,-0.15309310892394823,1.0295902237480097e-16,-6.828553311075635e-17,0.06357604976984635,0.0752817646642215,-0.019460038152981692,0.09278258036014633,0.03704995929721143,0.09595215628358818,-0.35029903054237366,-0.13095435500144958
26,1.0,-0.06192237008014277,0.03052428235930861,-0.09458124650016535,0.057118681401126706,0.1419407533444766,0.06705588264696162,0.09206016300173248,0.05625550655340133,-0.08993639919806276,-0.15309310892394823,1.0295902237480097e-16,-6.828553311075635e-17,0.07161005954863298,0.06856845828200123,-0.049548107406069984,0.0865365313673631,0.01481145571492376,0.06887760749053341,-0.45551708340644836,-0.1325616091489792
27,1.0,0.09077870771576511,0.028786003722240758,0.09653429298643575,0.08453787395203165,0.09108130855520781,0.061865801405162686,0.07501876721613751,0.0811856034419795,-0.10436228245144107,-0.15309310892394823,1.0295902237480097e-16,-6.828553311075635e-17,0.09874879893582565,0.1523662138831872,-0.06956334391336128,0.09313290306348594,0.07391526762467483,-0.09219867403526226,-0.3678157925605774,-0.13869909942150116
28,1.0,-0.10499791615900957,0.006033209873528486,-0.13215730391558556,0.0620939953094858,0.09224716779797104,0.07384384653740565,0.027435756179162992,0.12149569004433872,-0.020293602268390172,-0.15309310892394823,1.0295902237480097e-16,-6.828553311075635e-17,0.07173207429586582,0.08148749266671035,-0.013696471154556317,0.08551686358127897,0.04845533539213584,0.06997653617014021,-0.40034621953964233,-0.14742609858512878
29,1.0,0.12706760921388974,-0.035778838296013346,0.08380733546641858,0.06327993317474315,0.0866825973840495,-0.07459440212788723,0.11192740557720107,0.012035446230075525,0.0022251752466701117,-0.15309310892394823,1.0295902237480097e-16,-6.828553311075635e-17,-0.03782891804132303,0.14794958642272976,-0.05100267782215369,0.08940657860053094,-0.023883994599057615,-0.021201085144398137,-0.36383017897605896,-0.13597285747528076
30,1.0,0.09424589800132956,-0.04309598166326859,0.06472580033751353,0.056204148344020814,0.09630649991385527,-0.010303655284876102,0.09637923583764729,0.048415757965491184,-0.07842302290238443,-0.15309310892394823,1.0295902237480097e-16,-6.828553311075635e-17,0.08559491343844437,0.1404906332980957,-0.07482597855798034,0.09342842425346858,0.08032671154886913,-0.03667950539996058,-0.4211461842060089,-0.15169325470924377
31,1.0,-0.04070033138538366,-0.08720018757424615,-0.020997902619294816,0.04364159797236436,0.02817353505782179,-0.20150717462488188,0.1246105854290939,-0.032864898054818244,0.1131129590077102,-0.15309310892394823,1.0295902237480097e-16,-6.828553311075635e-17,-0.05038011188603936,0.14112748885750492,-0.009114501841919457,0.09813100584986056,-0.027965669110466787,-0.028622273828919777,-0.3618611693382263,-0.17128781974315643
32,1.0,0.09502854090732618,0.08539341274596729,-0.09266145940819297,0.0799022529962658,-0.127184052054407,-0.16216553312170437,0.11395454177988175,0.0061606603891303235,0.01707732084060742,0.051031036307982766,0.023424907084161953,-0.14242403961913094,0.07635870059728722,0.11390358684318216,0.07128465629414012,0.09471006686772285,0.045465712946694124,-0.03015168108889939,0.16440017521381378,0.1689538061618805
33,1.0,0.11979887044175022,0.08631779172050075,-0.07221406436361713,0.07979419481096614,-0.1530467941274773,0.04765031632707251,0.09047199378379245,0.05896963300136279,-0.09342957360733926,0.051031036307982766,0.023424907084161953,-0.14242403961913094,0.1261025082641351,0.11130387548746104,-0.04955432287461315,0.08922885010644048,0.11369081864358717,-0.05527681968045125,0.18969310820102692,0.3668859601020813
34,1.0,0.13027820968963386,0.05155434447885848,0.052084942209218645,0.030242255518077375,-0.10972551995055442,-0.14930174408464245,0.1263965147740233,-0.06072175667762707,0.14538039455201987,0.051031036307982766,0.023424907084161953,-0.14242403961913094,0.035201139241896474,0.03083328920270752,0.2556442294125641,0.10485538994601168,0.007336128646493757,0.04559511731291337,-0.05621444433927536,0.9196943044662476
35,1.0,0.07717474794170319,0.05523450819344439,-0.10697337963034641,0.0859302527418395,-0.11270190500479431,-0.1952228631843672,0.12232554205981691,-0.02219533681257797,0.08860623890348102,0.051031036307982766,0.023424907084161953,-0.14242403961913094,0.13214153605341114,0.005656203733677069,0.03339576848302517,0.08920040174309991,0.08748280196954186,0.13261122782779053,0.16856858134269714,0.4135932922363281
36,1.0,-0.02391435500187311,0.15601949787524025,-0.030956808798026796,0.06335455355957369,-0.08567950389581948,0.017556057910813105,0.0727559950423007,0.08370645251696139,-0.10219058301887646,0.051031036307982766,0.023424907084161953,-0.14242403961913094,-0.10554551231410055,0.08808106043094971,0.13972201236365236,0.09276621722943952,-0.10239010940767194,-0.06195166422909543,0.2669612467288971,0.46167469024658203
37,1.0,0.06147427591344399,0.09351956683161562,-0.10806007049898983,0.05723762496079315,-0.11257476586131805,0.03420622466465246,0.034511198290009704,0.11708383039948905,-0.036085830245471885,0.051031036307982766,0.023424907084161953,-0.14242403961913094,0.14215159341562333,0.013926749816041237,0.06337073430256719,0.08108387180392525,0.13839615123277277,0.031650711580447355,0.20379294455051422,0.41371631622314453
38,1.0,0.13329277485725585,0.11002696813615379,0.06768161421984566,0.051777023927333264,-0.12635234879750787,0.1284960930874589,-0.05468459630344496,0.13335465537331892,0.09670876071176805,0.051031036307982766,0.023424907084161953,-0.14242403961913094,-0.15566127703719318,0.06803181391340764,0.046482399667862606,0.0748619543416922,-0.21671485863716014,-0.013532529356235761,0.23362649977207184,0.38764864206314087
39,1.0,0.08070788433724053,0.05532211301536136,-0.01975472706604052,0.09360816715201256,-0.10645959984824083,-0.19278109444521696,0.11691292272538775,-0.002853575442292717,0.04002479713149005,0.051031036307982766,0.023424907084161953,-0.14242403961913094,-0.13592178484366724,0.02544491083556875,0.0486885560320987,0.09373157595997275,-0.10062567552624127,0.057006655261944705,0.16206952929496765,0.40331026911735535
40,1.0,-0.023114997211468737,0.061460953492592806,-0.049593605556948576,0.03429607176225817,-0.06809601832551995,0.07276683522816972,-0.06593062659468747,0.12394317378262087,0.11192823534349382,0.051031036307982766,0.023424907084161953,-0.14242403961913094,0.13916721637618903,0.0642560440962357,-0.06812867238579329,0.07978180697677272,0.1518780563441048,-0.025527459639238453,0.34879007935523987,0.02020079828798771
41,1.0,0.08749444164097797,0.13611864076168917,-0.11799376148503855,0.07242340372840657,-0.12473160281491505,0.06790826926858458,0.018054950089830785,0.12675970604404024,0.0008231932773676242,0.051031036307982766,0.023424907084161953,-0.14242403961913094,0.02038397633234024,0.11399573429592628,0.14118663892312075,0.09102205823736961,0.03031400253209834,-0.16688104030200204,0.18794918060302734,0.353988915681839
42,1.0,0.12167909457369856,0.12007154241537617,-0.06998700373261299,0.07848991627064032,-0.11929515049441462,-0.19836443895247172,0.12186338225447248,-0.020274758953828353,0.08397771628542462,0.051031036307982766,0.023424907084161953,-0.14242403961913094,0.09528639969336236,0.10852821941763771,0.10136684959990452,0.09811965963077429,0.06857140821801816,-0.07675751620168118,0.07513134926557541,0.30096474289894104
43,1.0,0.0840783454611631,0.07080104375980645,0.10269837674399374,0.051359722774251104,-0.10916752033035511,0.031141399512243977,0.09229790906812824,0.06630977392821259,-0.11034126832317202,0.051031036307982766,0.023424907084161953,-0.14242403961913094,-0.03267858484320283,0.08054065799717611,0.1978206571740569,0.09529981201148599,-0.028614607322502837,-0.1237408846290468,0.12072917819023132,0.3447478115558624
44,1.0,0.02057119711052094,-0.006120406095967561,-0.17103193777220446,0.07770590381456137,-0.10384971038647244,-0.20812436580652552,0.12442053995332553,-0.03188114495269666,0.11097055641122965,0.051031036307982766,0.023424907084161953,-0.14242403961913094,0.029421360503490104,0.09492939250280363,0.18296451702717165,0.09765174440572609,0.019560111095389972,-0.05693059192096013,0.15955226123332977,0.3440546989440918
45,1.0,-0.009679544630602152,0.07606705738644497,-0.1977871553045721,0.025977605850129166,-0.05934244554408632,0.045513719440778165,-0.060199078993203224,0.11854415835044942,0.1820413533336847,0.051031036307982766,0.023424907084161953,-0.14242403961913094,0.005046929193085635,0.03943588018476828,0.09702264155286153,0.07227138826568524,0.0028033148175822253,-0.0368558817689802,0.3298792243003845,0.37312084436416626
46,1.0,-0.0722657163099254,0.15189126298459024,-0.07252007237304345,0.049665542890103595,-0.11423028684187286,0.11419863011371183,0.11116396852150809,0.0522113049268662,-0.021407102988692518,0.051031036307982766,0.023424907084161953,-0.14242403961913094,0.1849752473757436,0.03700145541668095,0.020758893109229785,0.08534727385258818,0.17402040671214147,0.049118581899463526,0.2389501929283142,0.34982094168663025
47,1.0,-0.07441850100147314,0.09944326172508712,-0.10402061849903134,0.0797128429895061,-0.12234049400006614,0.06829598807101218,-0.0032741482609912275,0.13674190352130872,0.1200674584312693,0.051031036307982766,0.023424907084161953,-0.14242403961913094,0.19681694076022452,0.005484185548108267,0.03777287272324243,0.07106720862717635,0.23099398860421455,-0.1144383171288049,0.3187171220779419,0.49100396037101746
48,1.0,0.09781666731790259,0.13550680322697506,0.04385188936126523,0.059417063041429075,-0.11052563825504161,0.054104426324125876,-0.05347226253613073,0.1316610664690103,0.12035406589879925,0.051031036307982766,0.023424907084161953,-0.14242403961913094,-0.0017534646767609389,0.1221438158905554,0.062089825945275776,0.07293037345659308,0.003500200413740314,-0.22953433005634602,0.24631176888942719,0.35016101598739624
49,1.0,0.038843224497728604,0.12940978971403752,-0.05702112951783511,0.06375349321722647,-0.12956924226256697,0.10181145405171561,-0.08109684923647793,0.11762389209168896,0.06401588853986218,0.051031036307982766,0.023424907084161953,-0.14242403961913094,-0.16187268040279504,0.07301356338800116,0.08411408602151953,0.08026420201705117,-0.20989320149600876,-0.0714945843536603,0.29578521847724915,0.39584261178970337
50,1.0,0.008731345181516525,0.032186720375682966,-0.1909845374282541,0.08376091512068813,-0.12360294408038829,-0.17023217857654796,0.09976907481907865,0.04153709796313011,-0.06561847542480624,0.051031036307982766,0.023424907084161953,-0.14242403961913094,0.06747789504469616,0.03416231782290096,0.08829273060377046,0.08938720559364637,0.04993633845987781,0.02789326093294371,0.27159589529037476,0.3915337920188904
51,1.0,0.08217317008674323,0.11483681617055405,-0.1281529183360628,0.03859377577063524,-0.10828870822774275,0.1130469136919177,0.09128305968966019,0.08219923521727923,-0.10398610535182021,0.051031036307982766,0.023424907084161953,-0.14242403961913094,0.1766779460726207,0.03688303509728808,0.028124689211567765,0.08799277926109335,0.1669742630102513,0.04535483585176546,0.21324293315410614,0.35148385167121887
52,1.0,0.09126147344003355,0.018513286437888955,0.1424763308306195,0.030845066646207706,-0.056308474274186206,-0.08487063371803884,0.12645912286400557,-0.05271518753219234,0.14139455748588456,0.051031036307982766,0.023424907084161953,-0.14242403961913094,-0.0803438593753738,0.0635035802266366,0.020664436822344635,0.09413230367662706,-0.044238579609790295,0.028779716886700522,0.2979525923728943,0.12000620365142822
53,1.0,0.03951779747991079,0.032807819751998916,-0.10225467222672449,0.05357396692228771,-0.11403979256638405,0.04316584756869223,0.004270488960946916,0.13442766291006028,0.03584851736208967,0.051031036307982766,0.023424907084161953,-0.14242403961913094,-0.11866479998736904,0.0631898576852047,0.10439417541216008,0.07571458009650237,-0.14260258299156547,-0.05058166924461688,0.15687936544418335,0.342832088470459
54,1.0,0.15724487114188362,-0.02151427494324666,-0.0043850413035261444,0.06679103122152322,-0.14634504565091197,-0.06159320939978531,0.10963577967901963,0.018306403754623675,-0.013333889093435115,0.051031036307982766,0.023424907084161953,-0.14242403961913094,0.08817313415546509,0.11091858309579615,0.05309018277331543,0.0938084940702121,0.05697352077162133,-0.0043582022935892166,0.16005541384220123,0.2180495411157608
55,1.0,0.11908992089359242,0.12589015205719004,0.05478661313585691,0.07613607450168468,-0.1108609821476061,0.012893920914400508,0.06289255728613236,0.09380328039536334,-0.0895098605314524,0.051031036307982766,0.023424907084161953,-0.14242403961913094,0.12693531924617107,0.07358387401949837,0.13891298716408157,0.08440776917234455,0.13699768255859204,-0.11027694827471117,0.1888865828514099,0.24790558218955994
56,1.0,0.13353182106944547,0.08597892060199308,0.02385049831723931,0.08104877359401302,-0.14142460501667894,0.01723086234518359,0.07633399645223961,0.07963370494735891,-0.10527790535925251,0.051031036307982766,0.023424907084161953,-0.14242403961913094,-0.1757487186099611,0.044164899363298954,0.024621968132434117,0.09080218303376546,-0.1590641034710497,0.06619568896931484,0.17904001474380493,0.3717828392982483
57,1.0,0.010065415481207927,0.11234706260735364,-0.11005924460371387,0.0599515168007358,-0.13528396008298718,0.04271637818807082,-0.025245735819102225,0.13793331025078656,0.09021207461402918,0.051031036307982766,0.023424907084161953,-0.14242403961913094,0.16968442570928133,-0.009397210457108646,0.0814487647198022,0.0675548219739077,0.25401768811726516,0.08321859629623572,0.2048826664686203,0.3856213092803955
58,1.0,0.11693225765746537,0.07854431003122603,-0.025087805252625994,0.08477702858819444,-0.15763535919237795,-0.03672342934333892,0.08502386576713464,0.0675408861005616,-0.10124771110316423,0.051031036307982766,0.023424907084161953,-0.14242403961913094,-0.16991880766104406,0.053873344868744136,-0.007989001559142823,0.0947319372426763,-0.15199000500294288,0.0672995936867991,0.1231749951839447,0.39351215958595276
59,1.0,0.1306780729221028,0.10183260327996474,0.07382948760531355,0.061573347901196646,-0.13088691344550354,0.05727395289301089,-0.03950344774113852,0.13855722912382337,0.09682409365607336,0.051031036307982766,0.023424907084161953,-0.14242403961913094,-0.0709999039626524,0.12531523984026383,0.10911008003569686,0.08848183555501374,-0.07677195813751071,-0.20138741526922044,0.28170159459114075,0.41019707918167114
60,1.0,0.09615377209859594,0.13332475613320754,-0.009883811945919174,0.07735294254627274,-0.1361617208470932,-0.13280953194970788,0.12092297568796959,-0.01668235521331286,0.07505954765205815,0.051031036307982766,0.023424907084161953,-0.14242403961913094,0.06649173538285304,0.1356062799434131,0.0268769749764645,0.09595717129825215,0.05990074536286347,-0.07494381849002779,0.20993348956108093,0.3264700770378113
61,1.0,0.04733527215173459,0.0920347755009483,-0.1356019335177249,0.07507485041986638,-0.12087065951615013,-0.19680407028189215,0.12460842431809974,-0.032853140458154746,0.11308806196321736,0.051031036307982766,0.023424907084161953,-0.14242403961913094,-0.18149032793070172,0.060692239121448825,-0.05312244979612185,0.09732486527777895,-0.12485968777471823,0.07844037557389938,0.15673933923244476,0.2852414548397064
62,1.0,0.06789021822146579,0.14455605635308535,-0.008571028672498452,0.06987934817124704,-0.1368004054740927,-0.020507717054582535,0.12197115715970941,-0.020701477774201033,0.08502373708891232,0.051031036307982766,0.023424907084161953,-0.14242403961913094,0.16333696341283574,0.07150412095045952,0.11358513910159693,0.09010028177248343,0.11690509783942647,-0.013584699907040995,0.13079982995986938,0.4372914731502533
63,1.0,0.11580854159378559,0.12589996607815282,-0.06925466095863053,0.04049255192185758,-0.12077309645547832,0.0341358749484742,0.10603923401974352,0.027306860494362567,-0.034637176749722234,0.051031036307982766,0.023424907084161953,-0.14242403961913094,-0.14554749356911814,0.06775343346115631,0.03951015181381967,0.0927633578078621,-0.11302318397656165,0.015873581564017532,0.1952665001153946,0.36271852254867554
64,1.0,-0.14625005866728252,0.07255086197530924,0.08848980330832955,-0.15053650980603664,-0.03859772220847135,-0.04467355453187167,0.09268629463880611,0.055157751690520826,-0.0884408459179048,0.05103103630798276,-0.13505528996184948,0.05092545519339109,0.021417815577492342,0.08433232438837096,-0.09741502030652008,0.08913486188871932,-0.0017804820254183939,0.03500681236354174,0.4350004196166992,-0.22419525682926178
65,1.0,-0.10372058914477937,-0.055041835484106266,0.038245597628053886,-0.14430101394320533,0.006930382467271535,-0.09463513736287009,0.11835662294023136,-0.007563154185545603,0.052034459974619765,0.05103103630798276,-0.13505528996184948,0.05092545519339109,0.04135214573434011,0.06574318674122094,-0.08146640101457125,0.08838480630138978,0.020329834198748842,0.03418627270213787,0.43298256397247314,-0.2487986832857132
66,1.0,-0.14598209340645396,0.0704964416749098,0.052821513390841186,-0.1441119822742717,-0.040843090600062665,0.030713447390564818,-0.04319674830881842,0.13744768437258575,0.09742525386815118,0.05103103630798276,-0.13505528996184948,0.05092545519339109,-0.016259909090118804,0.08087845463588891,-0.00035493859310451814,0.06543907224167925,-0.07389577511120096,-0.02511096009429255,0.4096846282482147,-0.06088337302207947
67,1.0,-0.12554283737221256,0.043757128064861456,-0.03350946944699607,-0.158900591435661,-0.002306255646978808,0.030692360662376853,-0.047482704947544155,0.13230053965965302,0.15219551228182235,0.05103103630798276,-0.13505528996184948,0.05092545519339109,0.09031700503527694,0.05694107824701984,0.007834620850225151,0.07327764714866024,0.11500418721560396,0.11334759055428448,0.44399940967559814,-0.21561816334724426
68,1.0,-0.12779474281497769,-0.011560927024554413,-0.03634216743162822,-0.17798444580376077,-0.01923032477661221,0.018309200047210768,-0.08648271704389923,0.11328356914080076,0.05099792866964327,0.05103103630798276,-0.13505528996184948,0.05092545519339109,0.005647893427814909,0.05975015137104138,0.05965425123362259,0.07402393462573877,0.0005195873112432097,-0.055739622873083865,0.39190804958343506,-0.2351730912923813
69,1.0,-0.09528218640468675,-0.02620724487115348,-0.09995961215034634,-0.17631945501648405,-0.029987423604711048,0.005444089247892187,-0.02117088356417518,0.14248180587669262,0.10305314222334949,0.05103103630798276,-0.13505528996184948,0.05092545519339109,0.0491203585302265,0.11708743840319531,-0.0800170747206541,0.07949904907868251,0.059866087758557784,-0.05954861890008632,0.4246371388435364,-0.21877196431159973
70,1.0,-0.036724444522251966,-0.06931543901899666,-0.15008803810751456,-0.07962541117565802,-0.004755083243803244,-0.04950973784784769,0.1165753693565337,0.016136090063147323,0.04122213572468892,0.05103103630798276,-0.13505528996184948,0.05092545519339109,0.03022756480223101,0.0646565801001029,0.03221466063600823,0.09093365330890826,0.034674368431058415,-0.04024731338870027,0.2674633264541626,-0.06129378080368042
71,1.0,-0.08177383261205529,-0.021249587101943055,0.08394236152455244,-0.16533036072176868,0.0038844606517638566,-0.03704048679664963,0.03494084504923286,0.11680179014232185,-0.03703097793083293,0.05103103630798276,-0.13505528996184948,0.05092545519339109,0.07060637714601972,0.15285023833891723,-0.0795582329985803,0.0914149663221743,0.06594995859742701,-0.10718412398838217,0.3388320803642273,-0.25670841336250305
72,1.0,-0.16109836870348257,-0.006501595940271375,-0.008970851131901308,-0.15775572081748257,-0.014760192898019492,-0.04858099184227468,0.02531949498351752,0.12274516240054878,-0.015541873218871047,0.05103103630798276,-0.13505528996184948,0.05092545519339109,0.002993166717978576,0.03750526795669092,0.061156482280811525,0.0809099372574306,-0.01258177684152359,0.014103575413946901,0.4681991636753082,-0.28621339797973633
73,1.0,-0.10315079605995903,-0.02444254748711586,0.03840224700283609,-0.14125598119121852,-0.018083725992981213,0.041892063584864504,-0.09395173870596993,0.09878275038503753,0.014351942751053523,0.05103103630798276,-0.13505528996184948,0.05092545519339109,-0.1504400865377193,0.017433531824752838,0.0181460581204248,0.06019661471931762,-0.28427061972909135,0.057356849819687285,0.4291914403438568,-0.11036896705627441
74,1.0,-0.09797121245640697,-0.019344949155882085,-0.0668385521446649,-0.1442812101533164,-0.027941227736706892,-0.04045937592996246,0.12311852566722803,-0.02567504147465427,0.09682667691253573,0.05103103630798276,-0.13505528996184948,0.05092545519339109,0.025578518888268488,0.0005073149106098093,0.010322642262461717,0.08416399752493821,0.0024977215031625234,0.06922684715443948,0.5297035574913025,-0.2676195800304413
75,1.0,-0.15070861148114756,0.07490350894639662,0.05927385760478255,-0.17563023877257986,-0.01963742692859014,-0.022222843663059596,-0.06698943799227734,0.1270886861850845,0.08702572097287961,0.05103103630798276,-0.13505528996184948,0.05092545519339109,0.010451292871030493,0.06873133111115431,0.10591631284448899,0.07015298064940591,0.023465094978434978,-0.09054961969523231,0.5106159448623657,-0.24583923816680908
76,1.0,-0.1095775002209935,0.0768999300872326,0.11723399312699312,-0.09667277524872872,-0.007227861347305401,0.019362163728643085,-0.08132246000581868,0.10947017133258183,0.04257808410116637,0.05103103630798276,-0.13505528996184948,0.05092545519339109,0.04112048626959795,0.07186185821912136,-0.03925017931765508,0.05936972380042794,0.05841175579155305,-0.1268939805220682,0.4847864806652069,-0.2655283510684967
77,1.0,-0.06545455475413095,0.054524814922875676,0.15808948031713954,-0.09189057140659021,0.014954590313289055,-0.024287346387030687,-0.027031694373815144,0.1402051538850341,0.08671290793894441,0.05103103630798276,-0.13505528996184948,0.05092545519339109,0.06052027460203074,0.09324340537585736,0.12828856156130766,0.08662762973871153,0.04682594710869684,-0.10727646509905164,0.5631838440895081,-0.28527727723121643
78,1.0,-0.10892591435234596,0.07890909021861335,0.12716278295978806,-0.12170226027235759,-0.02665672488873453,0.034853179159416964,-0.10558868025000157,0.09197791634680572,-0.02310076882216303,0.05103103630798276,-0.13505528996184948,0.05092545519339109,-0.07002094157178645,0.033872071408319826,0.053536229610027915,0.07038443374503886,-0.13290394150838294,0.08268540313307125,0.5192325711250305,-0.21170492470264435
79,1.0,-0.12272138775469858,0.09851152670889311,0.11904022395219244,-0.15906190948454005,-0.0236660985373732,0.044791943827880244,-0.1098192150556967,0.07599979877442266,-0.02933464229829168,0.05103103630798276,-0.13505528996184948,0.05092545519339109,0.0023197364016597057,0.05926833092901394,0.1109164510151311,0.06808400503721392,0.0016782700179828053,-0.13003659329680384,0.5079985857009888,-0.22123071551322937
80,1.0,-0.08458556812540123,0.023760845082469204,-0.059436542398791106,-0.1601736956591774,-0.03259867706933324,0.029043927307586672,-0.05572504909135024,0.13038279903540675,0.10657767358685187,0.05103103630798276,-0.13505528996184948,0.05092545519339109,-0.0376777671503594,0.07025690555745245,-0.017579029658926586,0.07664183940893976,-0.06572769317148543,-0.0234260835902181,0.26008135080337524,-0.16728191077709198
81,1.0,-0.040265601314536485,-0.059952898837891566,0.16466777862191373,-0.15772498182455974,-0.023806198280862553,-3.6116979582632257e-06,0.06340746807727585,0.09330018105674041,-0.09024847383189231,0.05103103630798276,-0.13505528996184948,0.05092545519339109,-0.0445876438166099,0.030625862245208937,0.032836409036246524,0.08673344594486312,-0.04457658854313468,0.07112843985802413,0.445093035697937,-0.25043785572052
82,1.0,-0.09337733788468446,0.06875050513902901,-0.008557075645573581,-0.1625548318070541,-0.010328138412896695,-0.0973045690387809,0.10036494014156912,0.04027530907115522,-0.06311586555357673,0.05103103630798276,-0.13505528996184948,0.05092545519339109,0.01262628699304613,0.133939787360257,-0.03629217473448468,0.0911708831365689,0.007621572095196694,-0.08148250820091138,0.2941581606864929,-0.172132208943367
83,1.0,-0.07301728434569957,0.07289576597301582,0.03017475340526948,-0.16828095261625062,-0.024892782209714217,0.011921197710793453,-0.03835995272494551,0.13881609914588947,0.0962799839988618,0.05103103630798276,-0.13505528996184948,0.05092545519339109,-0.049043673559543394,0.10398306220291098,-0.04408948811859077,0.07375152804337419,-0.054474324307341226,-0.12523543474051713,0.4417671263217926,-0.3034193813800812
84,1.0,-0.10233851567645226,0.0640647133813285,0.17053736440142792,-0.15190289336846735,-0.03702390010102356,-0.04942099595379495,0.09600930907131358,0.04912732109241319,-0.07960762244487345,0.05103103630798276,-0.13505528996184948,0.05092545519339109,-0.04815325034575591,0.11010936718351672,0.05058122654797997,0.09202675454953418,-0.051369726526641964,-0.03920511079522453,0.5003000497817993,-0.2975044846534729
85,1.0,-0.11609406044287464,0.027909555959440523,0.16176226618841613,-0.1551301408155949,-0.02706560065637072,-0.03879490697759771,0.04605271785295429,0.10902811930845167,-0.060907734511195466,0.05103103630798276,-0.13505528996184948,0.05092545519339109,-0.06830496256982858,0.046561324625961534,0.026686090144573373,0.0915983189719859,-0.08474160934997663,0.039516753012902056,0.5320597290992737,-0.26728880405426025
86,1.0,-0.02696357592378314,0.06294887463097265,0.13322186422583224,-0.14605206120191386,0.011879658584025888,-0.0018337316129911924,0.007673584877877111,0.13415316029687216,0.058698780329661346,0.05103103630798276,-0.13505528996184948,0.05092545519339109,0.042781996340358425,0.1084891459585767,-0.14061958618829404,0.07962949505136115,0.04460737398670647,0.0477229431605841,0.4788779616355896,-0.2922116816043854
87,1.0,-0.09631247571283387,0.10836545625089943,0.11487130933703028,-0.15008595816790715,0.021063199903524028,-0.015121765179205018,-0.013683677332622105,0.13895812777009967,0.06717626253132632,0.05103103630798276,-0.13505528996184948,0.05092545519339109,0.02163778975019002,0.1321680444542835,-0.04910724934792668,0.08726472288400224,0.017698279580363272,-0.12086337656516229,0.5909966826438904,-0.271373987197876
88,1.0,-0.04722702734222408,0.058017608522992564,0.15640785217606853,-0.11247424337875282,0.021702217391056537,-0.13768039737492682,0.12608767127040688,-0.04508206318146595,0.1333671579575006,0.05103103630798276,-0.13505528996184948,0.05092545519339109,0.027964515407910336,0.16258218364248833,-0.10158556558269712,0.09977804052584223,0.02578334731245056,-0.03461944699832985,0.3662133812904358,-0.3139645755290985
89,1.0,-0.09317282120039007,-0.0452894229748956,0.002966926480120098,-0.15013994977035547,0.006080939052426407,-0.10114168903819504,0.1045640527051676,0.030804217259420234,-0.04264930860820918,0.05103103630798276,-0.13505528996184948,0.05092545519339109,0.021270091717347058,0.11760364796236729,0.07066952303980717,0.09579311372269499,0.008931306477118166,-0.04136806589444928,0.3411528468132019,-0.26042360067367554
90,1.0,-0.13636095519826744,-0.06369001686788768,-0.04628937764739674,-0.17593102907135288,-0.041757558504553746,-0.021913585777436444,-0.0016296752590496994,0.13574963704804158,0.044108439673838366,0.05103103630798276,-0.13505528996184948,0.05092545519339109,-0.08210903298749254,0.07873669786299319,0.0035914784299796794,0.08189556214292741,-0.11135167496171192,-0.029289141310201137,0.41663843393325806,-0.2950279712677002
91,1.0,-0.05464943417999093,-0.06930465647093374,0.12330620013724292,-0.17972628337479168,-0.011358524676846164,-0.030738941779111382,0.017416027371789985,0.1270864139356166,0.002254683707061159,0.05103103630798276,-0.13505528996184948,0.05092545519339109,0.02706940446639867,0.08991126550007165,-0.0570275591093875,0.08098413108488829,0.025496320972722596,0.01218289037012392,0.220854714512825,-0.22762489318847656
92,1.0,-0.155963242013243,0.0047027858456195675,0.04234708834767379,-0.1695947783351158,-0.046476270939384855,0.02850995662149004,-0.012604286925882857,0.13931775363550292,0.07297246150558816,0.05103103630798276,-0.13505528996184948,0.05092545519339109,0.01528927814980333,0.048270741189890914,-0.07219656764548579,0.08881643298912505,0.0037483045229482676,0.12665369349225492,0.4241664409637451,-0.24254894256591797
93,1.0,-0.16756313566681236,0.013611796499173092,-0.017907390632456364,-0.16801071373203266,-0.038408918913684746,-0.013674367415583522,-0.027285746484338676,0.14019633850951946,0.08699934037036362,0.05103103630798276,-0.13505528996184948,0.05092545519339109,0.007292133790966006,0.10083893713834943,-0.06752129559168954,0.08422177136618782,-0.010305386816669171,0.014576591185133221,0.40590938925743103,-0.21162696182727814
94,1.0,-0.019759984604415675,0.07063583288148194,-0.06933895517228636,-0.15176528028626002,-0.03635492571736246,-0.0665546963759474,0.05322135704962856,0.10285875411642025,-0.07411757957296487,0.05103103630798276,-0.13505528996184948,0.05092545519339109,0.04999728100900806,0.1333181084885528,-0.13709901737672506,0.09149574739432112,0.035467039598726276,-0.021216647070296357,0.18981540203094482,-0.1814471334218979
95,1.0,-0.07891264373635695,0.06725445796514143,-0.11655186180914641,-0.1742478090661923,-0.042457771506340135,-0.028635553512976305,-0.000819394965657275,0.13547092865370305,0.042462691920825225,0.05103103630798276,-0.13505528996184948,0.05092545519339109,-0.012086747866411972,0.09744341284875252,-0.07542841955905066,0.0872795063759408,-0.03645492580346411,0.002719141731652378,0.3657538592815399,-0.20964492857456207
96,1.0,0.07709464880148974,0.005983256309891787,0.030423439579089596,0.0031853756746335117,0.09931878443935463,0.003541021981300507,0.1079420399977705,0.03726932814006822,-0.061483012992292946,0.05103103630798276,0.11163038287768742,0.09149858442573984,0.1657212453276617,-0.0035641820315423264,0.12889701809485238,0.08390482384778435,0.13927640809069625,0.05537978438739807,-0.09808329492807388,0.18213018774986267
97,1.0,0.1108076776069964,0.07504669055822548,-0.060162732592890275,0.02220315479172356,0.13187689291445495,-0.03332302012001716,0.0944626139047574,0.06226037998980194,-0.097362139895004,0.05103103630798276,0.11163038287768742,0.09149858442573984,0.009575619739388232,0.10180684347322436,0.18985149592183956,0.09192707143577118,0.0031524847496495864,-0.16359374248290104,-0.16250555217266083,0.0774867832660675
98,1.0,0.05804602004087039,0.0804446393743034,0.11174145229480792,-0.0020489910475197195,0.11038154872512311,-0.07356141896410218,0.12431545288518038,-0.03136146367347258,0.10980987604127232,0.05103103630798276,0.11163038287768742,0.09149858442573984,0.0783722584092613,0.1178222739223795,0.13296893741001656,0.09985201957857189,0.06516378505661943,-0.07483563133177147,-0.14831393957138062,0.09433819353580475
99,1.0,0.11819233051692452,-0.0151782293701667,0.12712603016859567,-0.03071636111067437,0.12105608382475604,-0.08712363419683701,0.10105350217181683,0.03877930464073731,-0.0600687597932591,0.05103103630798276,0.11163038287768742,0.09149858442573984,-0.00014771088737603822,0.12629864831185664,0.14517123390308065,0.10088955493521912,0.01110607376921927,-0.08696204116950185,-0.16574181616306305,0.0941658467054367
100,1.0,-0.07741045507426578,-0.1187514115453621,-0.02328212502691215,0.021038396614720435,0.14340740732507376,-0.04513563474458853,0.04876333672072712,0.10681138669297095,-0.0661438640686667,0.05103103630798276,0.11163038287768742,0.09149858442573984,-0.005531478147369269,0.06611582333573061,0.08863738697620059,0.0905624151418296,-0.01714334825299964,0.024075066403052382,-0.26964375376701355,0.058303918689489365
101,1.0,0.13720203554848814,-0.038899925121034504,0.040581863250124556,0.003382367231724288,0.10288799701686321,-0.036633287092663426,0.08720592198309084,0.06422970400473009,-0.0987795626517756,0.05103103630798276,0.11163038287768742,0.09149858442573984,-0.028166808652357475,0.08223296330442571,0.0790641076149601,0.08955526448186485,-0.018364904831931983,0.01000953145596501,-0.210390105843544,0.13983310759067535
102,1.0,0.09690413301900806,-0.09890610714778851,0.059293163592398244,0.010440242625432474,0.07654182375720636,-0.1050593886666729,0.04498290584121859,0.10983542892691135,-0.05871263077877415,0.05103103630798276,0.11163038287768742,0.09149858442573984,-0.16299118920652075,0.057854928400410566,-0.019530440339618184,0.09307574859127296,-0.1542006742437213,0.03719970745943072,-0.18152420222759247,0.04569397494196892
103,1.0,0.03661909340105318,-0.08736747208836952,-0.03255064237786038,0.01822417820815952,0.04270438250007673,0.009552440802955264,0.12525430853690092,-0.036694703091616224,0.12082107470755973,0.05103103630798276,0.11163038287768742,0.09149858442573984,-0.030144770754217662,0.09888633738300463,-0.01885394151440881,0.10370293518060364,-0.026170052014942314,0.0004006287706287995,-0.5433913469314575,0.15256339311599731
104,1.0,0.028666945263215723,-0.06808441174290318,0.15406325515487732,-0.003274729774799967,0.07820914941188054,-0.1551786441790762,0.10737112148777181,0.024065902330085726,-0.02708419348502277,0.05103103630798276,0.11163038287768742,0.09149858442573984,-0.09141628284366386,0.10508816596534594,0.05806392638816739,0.09256410525570105,-0.06212259984057499,-0.007771526629637064,-0.2591606080532074,0.0714072585105896
105,1.0,-0.07158869896396448,-0.10221536479828507,-0.09983880887298131,0.0284035314911414,0.08892637019068796,-0.0205826450667245,0.11392270822874866,0.028507795397955987,0.02771313829968136,0.05103103630798276,0.11163038287768742,0.09149858442573984,0.08502621504747729,-0.029728317721613814,0.04727141777239141,0.08606708855546043,0.0591150206679864,0.12039144855732968,-0.20606629550457,0.09407675266265869
106,1.0,0.08810638162754174,-0.11743641496065838,-0.024712197404371968,-0.03334659957431914,0.06931699787769986,-0.08674596767132389,0.07665161253760518,0.07924064012975217,-0.10538865216841344,0.05103103630798276,0.11163038287768742,0.09149858442573984,0.10667364044171987,-0.016095278989247456,0.08261092211057142,0.08621517512815857,0.07537406687913283,0.10323188753281616,-0.26610836386680603,0.13133211433887482
107,1.0,0.0851806322891381,-0.10016246933884325,-0.03766596309171085,0.0007216256728418615,0.06229971250865114,-0.06476025044309913,-0.011988964641649951,0.14232364114894674,0.08481532925159536,0.05103103630798276,0.11163038287768742,0.09149858442573984,0.13951698292806858,-0.0068645382875142675,0.07827972855374729,0.07588012575244009,0.13639835916703075,-0.00917887944663007,-0.2717181146144867,0.0659458264708519
108,1.0,0.026403349829259626,0.09820096079322228,-0.03716758784089389,0.012754863339734423,0.050742864462538284,-0.15372540539923435,0.0726343590724137,0.08383730904315596,-0.10205672025992635,0.05103103630798276,0.11163038287768742,0.09149858442573984,0.040684895819775475,0.09818142973759507,0.14622929050634695,0.09703959507415451,0.043027758381009695,-0.09754987795080176,0.14675530791282654,-0.08226105570793152
109,1.0,0.09710007951826642,-0.16935419091348403,-0.02706406882065705,-0.03737891452069714,0.06488554869539158,-0.16065238696065423,0.11521562717661603,0.002408954810933961,0.02660701008325437,0.05103103630798276,0.11163038287768742,0.09149858442573984,-0.08100767220607609,0.08208369409778846,0.0890904364004349,0.09507495106187722,-0.06012154606689319,0.01459109111933993,-0.2736896872520447,0.07832655310630798
110,1.0,0.10300641049055898,-0.12889333615715728,0.010958683543896815,-0.0036084756888761387,0.04678514426932343,0.015682709097246693,-0.018251182130154347,0.1397165468388821,0.08212700596184264,0.05103103630798276,0.11163038287768742,0.09149858442573984,-0.0230155270803829,0.05838126603341171,0.0736311960921796,0.08550651373108861,-0.03492331393897119,0.056485396799324884,-0.2596844732761383,0.08491624891757965
111,1.0,-0.1182839954919749,0.023232515878186262,-0.03835798227093609,0.011493030186231053,0.04324099399779028,0.01451851127923629,0.08398464322795733,0.07713108016595452,-0.0980401805977972,0.05103103630798276,0.11163038287768742,0.09149858442573984,0.0335435491641188,0.005537296273334111,-0.06260886629520382,0.0861872121899823,0.01014011892100013,0.15399016538455762,-0.21717660129070282,0.030206670984625816
112,1.0,0.08782742926201273,-0.06966741284294126,0.011684089286617457,-0.00045761139854159325,0.09009989991526274,0.032617680875949275,-0.014756551430312558,0.14008682242464976,0.09753130873707186,0.05103103630798276,0.11163038287768742,0.09149858442573984,-0.06941588224293663,0.0577192244592474,0.1072440876681521,0.0859133137637552,-0.0697890547341799,-0.03150995974409288,-0.2533661425113678,0.1502128690481186
113,1.0,0.08210339434073878,-0.030273758679317312,0.12785978561272698,-0.010729346780886717,0.1366224559868354,-0.022202966249594655,0.06829470649675008,0.08836352802455702,-0.09675965473869967,0.05103103630798276,0.11163038287768742,0.09149858442573984,-0.10066504390463701,0.1210530821995185,-0.033595449432401,0.08970794166296829,-0.10476900173717621,-0.0013462978292933827,-0.2325461208820343,0.04084736481308937
114,1.0,0.037703996147311666,-0.13730543238669327,0.04989524263256558,-0.01515225986847228,0.09319999869914361,-0.03241632162787395,0.11953920526412029,-0.011656656410856907,0.062417596515624056,0.05103103630798276,0.11163038287768742,0.09149858442573984,0.08421701272169185,0.019619880529390586,0.021301293747051014,0.09276308766572625,0.04378858951403001,0.053148923673660455,-0.16603566706180573,-0.035035140812397
115,1.0,0.014452321520124904,0.024619347458742308,0.11407667936354085,-5.4553710250866785e-05,0.03250920601571926,0.005975019892026769,0.12637605012454656,-0.04961310243443392,0.13877233269631584,0.05103103630798276,0.11163038287768742,0.09149858442573984,-0.11742278571311693,0.06604016378492607,0.07061468284103099,0.09774365931669601,-0.07282106108140197,0.020220825362540017,-0.1119171530008316,0.07884237915277481
116,1.0,0.08898985943616682,-0.01974571271295901,-0.12112167553208639,-0.002987284147150907,0.12660598093809772,-0.017267030190876893,0.08025013994044057,0.07441030424489622,-0.10448740351357014,0.05103103630798276,0.11163038287768742,0.09149858442573984,0.08900881820917485,0.04075749730249928,0.09562324030212498,0.09324712760998269,0.07145832216192276,0.04879974066285182,-0.3113310933113098,0.12868671119213104
117,1.0,0.010118364214741273,-0.06133212000781903,0.0121927529906847,0.022688704524767046,0.1050511993510953,-0.13293798047651503,0.10566046660880567,0.04394321453260987,-0.08842454951898798,0.05103103630798276,0.11163038287768742,0.09149858442573984,-0.07103708399363443,0.01090854322189682,0.14430503712453352,0.0912959483543263,-0.054013060819669875,0.04915773975336532,-0.10975173860788345,0.05233440548181534
118,1.0,-0.025212620035552673,-0.10178880749519424,0.062040287700073436,0.005493178924384937,0.015101474259274916,0.01518794251478546,0.004697113207365043,0.13315712548714195,0.030579339675348417,0.05103103630798276,0.11163038287768742,0.09149858442573984,-0.13810163294942857,0.03553594007455639,0.04267444205078444,0.09174829160397371,-0.1706876322127064,0.093161302968496,-0.20921851694583893,0.04648306965827942
119,1.0,0.12846826045598386,-0.0038168549360039204,0.04765654890473125,0.07994896385087778,0.04759579999379041,-0.07899406973963088,0.0972657670607765,0.05877320102979949,-0.10639181687383564,0.05103103630798276,0.11163038287768742,0.09149858442573984,0.1296286618207332,0.019505679325980567,0.05225853384286545,0.09487103724681642,0.1068033962071204,0.05942151624303955,-0.2790597081184387,0.16053049266338348
120,1.0,0.046358416031192326,-0.10914346310568791,0.02258977269351697,0.011472606940135521,0.052060709572847266,0.022896247313028587,-0.01875741941468164,0.13986992502153267,0.07565980026349155,0.05103103630798276,0.11163038287768742,0.09149858442573984,-0.1374416582462464,0.06665958130147219,0.05292950008340239,0.0856903609149057,-0.16977860286091248,-0.008899867340617701,-0.2926788926124573,0.1661604940891266
121,1.0,0.11414933829459847,-0.024312604134964007,0.06735623605276106,0.004418102353585223,0.1166872748974492,0.03242897634562032,0.00013336086357962327,0.13510919597478616,0.040466760507858794,0.05103103630798276,0.11163038287768742,0.09149858442573984,0.0479801945520531,0.11177345459931075,0.0075561391897410665,0.08396679726621041,0.017792795810118885,-0.06493662658287205,-0.28585919737815857,0.19618506729602814
122,1.0,-0.003249108662496784,0.07676298027133545,-0.016213999773144902,0.01900049841978382,0.03985683418033909,0.04047690369572595,-0.11548390220528737,0.05638164651909338,-0.1549059357614321,0.05103103630798276,0.11163038287768742,0.09149858442573984,0.013855905601263832,0.12951738708923832,-0.001751840266907753,0.04652437337064514,0.03408490084569894,-0.4810087920116751,0.27537426352500916,-0.06907042860984802
123,1.0,0.10829590731277677,-0.09181492226826185,-0.04342456842746398,0.06928294055471992,-0.004598436217765487,-0.08842901134690959,0.004976906832438062,0.13463438806288305,0.1339802470805342,0.05103103630798276,0.11163038287768742,0.09149858442573984,0.03157697239903108,0.023841998075774053,0.1677617857745055,0.08310834734111956,0.022092237583726373,-0.03222232542718138,-0.24486184120178223,0.19136247038841248
124,1.0,0.022873787717086556,-0.13390063954368348,0.08830400904702794,0.036033226999614816,0.04768210503859507,-0.16590825744453286,0.09504591848484038,0.05091343246019363,-0.08234758380066891,0.05103103630798276,0.11163038287768742,0.09149858442573984,-0.005431067982192895,0.11310216114305237,0.11276019668665241,0.0983427267074589,-0.0013463862788983198,-0.053027727413040245,-0.2474709153175354,0.08363382518291473
125,1.0,-0.05512478056535966,-0.0942270876907661,-0.10079572534688043,0.02778368281022076,0.13867435035741443,-0.005003648730890573,0.07469602588777563,0.08155449684285285,-0.10408776909539214,0.05103103630798276,0.11163038287768742,0.09149858442573984,0.08008085150424431,0.024490510402359406,0.10868674937415503,0.08519701551310487,0.057900726714061435,0.00031354672857868506,-0.21128271520137787,0.07346824556589127
126,1.0,0.11268849279480721,-0.046433339656399106,0.009848182416836257,0.007071520101739712,0.060931368880518776,-0.1834948690873381,0.11765190042244365,-0.00523250561927188,0.04609487134808729,0.05103103630798276,0.11163038287768742,0.09149858442573984,-0.158759783408827,0.06132757885131074,-0.06295954902982885,0.09621053057895929,-0.11675366388560367,0.0787469226001886,-0.2166789472103119,0.007537561468780041
127,1.0,-0.03808089774475061,-0.11189270989622564,-0.07325357108339947,-0.04511252839010843,0.037284982395964186,-0.08604610065945012,-0.03209625520109626,0.13702178360803324,0.15072754713310144,0.05103103630798276,0.11163038287768742,0.09149858442573984,-0.030457247581308015,0.006886169770882119,0.19953297827472807,0.08065062535016562,-0.031247588628494395,-0.006097375823732586,-0.21291257441043854,0.10514040291309357
